id,title,selftext,created_utc,score,num_comments,link_flair_text,upvote_ratio,permalink,url,is_self,over_18,spoiler,stickied,locked,subreddit,full_text,created_date,year,month,day,day_of_week,day_name,week_of_year,hour,season,platform_period,cleaned_text,text_length,word_count,contains_crime_keywords,contains_weather_keywords,contains_pandemic_keywords,crime_keyword_count,weather_keyword_count,pandemic_keyword_count,crime_and_weather_and_pandemic,engagement_rate,controversy_score,is_2020,is_2021,pre_pandemic_declared,post_pandemic_declared,vaccine_rollout,major_variant_wave,quarter,author_hash,sentiment_compound,sentiment_positive,sentiment_neutral,sentiment_negative,sentiment_category
hog2sx,Public Health Alert: Positive COVID-19 Case at Saskatoon Restaurant [Brewhouse Stonebridge],,1594345482.0,133,121,COVID-19,0.98,/r/saskatoon/comments/hog2sx/public_health_alert_positive_covid19_case_at/,https://www.saskhealthauthority.ca/news/releases/Pages/2020/July/Public-Health-Alert-Positive-COVID-19-Case-at-Saskatoon-Restaurant-.aspx,False,False,False,False,False,Saskatoon,Public Health Alert: Positive COVID-19 Case at Saskatoon Restaurant [Brewhouse Stonebridge] ,2020-07-10 01:44:42+00:00,2020,7,10,4,Friday,28,1,summer,2020-2021_pandemic_era,public health alert positive covid case at saskatoon restaurant brewhouse stonebridge,85,11,False,False,True,0,0,2,False,0.9029850746268657,0.020000000000000018,True,False,False,True,False,False,2020_Q3,e70a58275d1e52d0,0.7003,0.392,0.608,0.0,positive
hyd9p5,"COVID-19 Update: 42 New Cases, 13 In Hospital, 11 More Recoveries | News and Media | Government of Saskatchewan",,1595792391.0,67,110,COVID-19,0.92,/r/saskatoon/comments/hyd9p5/covid19_update_42_new_cases_13_in_hospital_11/,https://www.saskatchewan.ca/government/news-and-media/2020/july/26/covid-19-update-july-26,False,False,False,False,False,Saskatoon,"COVID-19 Update: 42 New Cases, 13 In Hospital, 11 More Recoveries | News and Media | Government of Saskatchewan ",2020-07-26 19:39:51+00:00,2020,7,26,6,Sunday,30,19,summer,2020-2021_pandemic_era,covid update new cases in hospital more recoveries news and media government of saskatchewan,92,14,False,False,True,0,0,1,False,1.6176470588235294,0.07999999999999996,True,False,False,True,False,False,2020_Q3,3238566ae691fccc,0.0,0.0,1.0,0.0,neutral
hshajb,"COVID-19 in Sask: Province sees record-high one-day increase of 42 cases, tracker says",,1594930053.0,120,67,COVID-19,0.98,/r/saskatoon/comments/hshajb/covid19_in_sask_province_sees_recordhigh_oneday/,https://www.cbc.ca/amp/1.5651718#click=https://t.co/NvoGWqNvDj,False,False,False,False,False,Saskatoon,"COVID-19 in Sask: Province sees record-high one-day increase of 42 cases, tracker says ",2020-07-16 20:07:33+00:00,2020,7,16,3,Thursday,29,20,summer,2020-2021_pandemic_era,covid in sask province sees record high one day increase of cases tracker says,78,14,False,False,True,0,0,1,False,0.5537190082644629,0.020000000000000018,True,False,False,True,False,False,2020_Q3,afa70f4862a80d14,0.3182,0.15,0.85,0.0,positive
hqnbuv,56 new COVID-19 cases in Sask. since Friday; SHA says expanded testing to begin Tuesday,,1594672881.0,47,77,COVID-19,0.91,/r/saskatoon/comments/hqnbuv/56_new_covid19_cases_in_sask_since_friday_sha/,https://www.ckom.com/2020/07/13/hold-july-13/,False,False,False,False,False,Saskatoon,56 new COVID-19 cases in Sask. since Friday; SHA says expanded testing to begin Tuesday ,2020-07-13 20:41:21+00:00,2020,7,13,0,Monday,29,20,summer,2020-2021_pandemic_era,new covid cases in sask. since friday sha says expanded testing to begin tuesday,80,14,False,False,True,0,0,2,False,1.6041666666666667,0.08999999999999997,True,False,False,True,False,False,2020_Q3,b56fcee39734c6d8,0.0,0.0,1.0,0.0,neutral
hspgyg,Meth-related crime continuing to rise in Saskatoon,[https://www.cbc.ca/news/canada/saskatoon/meth-continuing-to-drive-spike-in-saskatoon-crime-1.5652571](https://www.cbc.ca/news/canada/saskatoon/meth-continuing-to-drive-spike-in-saskatoon-crime-1.5652571),1594960994.0,13,38,None,0.79,/r/saskatoon/comments/hspgyg/methrelated_crime_continuing_to_rise_in_saskatoon/,https://www.reddit.com/r/saskatoon/comments/hspgyg/methrelated_crime_continuing_to_rise_in_saskatoon/,True,False,False,False,False,Saskatoon,Meth-related crime continuing to rise in Saskatoon [https://www.cbc.ca/news/canada/saskatoon/meth-continuing-to-drive-spike-in-saskatoon-crime-1.5652571](https://www.cbc.ca/news/canada/saskatoon/meth-continuing-to-drive-spike-in-saskatoon-crime-1.5652571),2020-07-17 04:43:14+00:00,2020,7,17,4,Friday,29,4,summer,2020-2021_pandemic_era,meth related crime continuing to rise in saskatoon,50,8,True,False,False,1,0,0,False,2.7142857142857144,0.20999999999999996,True,False,False,True,False,False,2020_Q3,fc8bdc21577f3ce6,-0.5423,0.0,0.667,0.333,negative
hkbat9,"Today's sudden change in weather, from the Broadway bridge just before noon.",,1593744751.0,19,0,None,0.88,/r/saskatoon/comments/hkbat9/todays_sudden_change_in_weather_from_the_broadway/,https://imgur.com/u0yMPuR,False,False,False,False,False,Saskatoon,"Today's sudden change in weather, from the Broadway bridge just before noon. ",2020-07-03 02:52:31+00:00,2020,7,3,4,Friday,27,2,summer,2020-2021_pandemic_era,today s sudden change in weather from the broadway bridge just before noon.,75,13,False,True,False,0,1,0,False,0.0,0.12,True,False,False,True,False,False,2020_Q3,6d7162285931186c,0.0,0.0,1.0,0.0,neutral
hu0kz0,Any Summer Colds/Flus (Not Covid) Circulating Right Now?,"I’m getting tested for COVID today as I have a sore throat, cough, and fever. Obviously I really hope it’s not the ‘rona, and so I’m just curious if anyone has had a bad cold or flu recently that tested negative.  Everyone I know is healthy.",1595165728.0,5,26,COVID-19,0.67,/r/saskatoon/comments/hu0kz0/any_summer_coldsflus_not_covid_circulating_right/,https://www.reddit.com/r/saskatoon/comments/hu0kz0/any_summer_coldsflus_not_covid_circulating_right/,True,False,False,False,False,Saskatoon,"Any Summer Colds/Flus (Not Covid) Circulating Right Now? I’m getting tested for COVID today as I have a sore throat, cough, and fever. Obviously I really hope it’s not the ‘rona, and so I’m just curious if anyone has had a bad cold or flu recently that tested negative.  Everyone I know is healthy.",2020-07-19 13:35:28+00:00,2020,7,19,6,Sunday,29,13,summer,2020-2021_pandemic_era,any summer colds flus not covid circulating right now? i m getting tested for covid today as i have a sore throat cough and fever. obviously i really hope it s not the rona and so i m just curious if anyone has had a bad cold or flu recently that tested negative. everyone i know is healthy.,291,58,False,True,True,0,2,1,False,4.333333333333333,0.32999999999999996,True,False,False,True,False,False,2020_Q3,a5c6c9b04e2a94e2,-0.6258,0.115,0.713,0.172,negative
hqn7os,"After going 6 weeks with no new COVID cases, Regina has 4 new over the weekend",,1594672511.0,85,121,None,0.93,/r/regina/comments/hqn7os/after_going_6_weeks_with_no_new_covid_cases/,https://www.saskatchewan.ca/government/health-care-administration-and-provider-resources/treatment-procedures-and-guidelines/emerging-public-health-issues/2019-novel-coronavirus/cases-and-risk-of-covid-19-in-saskatchewan,False,False,False,False,False,Regina,"After going 6 weeks with no new COVID cases, Regina has 4 new over the weekend ",2020-07-13 20:35:11+00:00,2020,7,13,0,Monday,29,20,summer,2020-2021_pandemic_era,after going weeks with no new covid cases regina has new over the weekend,73,14,False,False,True,0,0,1,False,1.4069767441860466,0.06999999999999995,True,False,False,True,False,False,2020_Q3,ca44924238c6f3ac,-0.296,0.0,0.855,0.145,negative
hutd4q,19 more covid cases today in Sask. Can we just mandate masks indoors please?,It has been proven world wide that wearing a mask prevents infection. Why can’t we just mandate it now and prevent further infections. It blows my mind.,1595277896.0,27,90,None,0.66,/r/regina/comments/hutd4q/19_more_covid_cases_today_in_sask_can_we_just/,https://www.reddit.com/r/regina/comments/hutd4q/19_more_covid_cases_today_in_sask_can_we_just/,True,False,False,False,False,Regina,19 more covid cases today in Sask. Can we just mandate masks indoors please? It has been proven world wide that wearing a mask prevents infection. Why can’t we just mandate it now and prevent further infections. It blows my mind.,2020-07-20 20:44:56+00:00,2020,7,20,0,Monday,30,20,summer,2020-2021_pandemic_era,more covid cases today in sask. can we just mandate masks indoors please? it has been proven world wide that wearing a mask prevents infection. why can t we just mandate it now and prevent further infections. it blows my mind.,226,41,False,False,True,0,0,3,False,3.2142857142857144,0.33999999999999997,True,False,False,True,False,False,2020_Q3,9cd5012da6b59a67,0.4019,0.11,0.89,0.0,positive
i07yg0,"50 new COVID-19 cases in SK, 2 of which are in Regina"," [https://www.saskatchewan.ca/government/news-and-media/2020/july/29/covid-19-update-july-29](https://www.saskatchewan.ca/government/news-and-media/2020/july/29/covid-19-update-july-29) 

> There are 50 new cases of COVID-19 to report in Saskatchewan on July 29, bringing the total to 1,268 cases.  The new cases are located in the North (44), South (3), Regina (2) and Central (1) regions.  
>  
>Of the 50 cases reported today, 44 are from one communal living setting.",1596054190.0,50,46,None,0.92,/r/regina/comments/i07yg0/50_new_covid19_cases_in_sk_2_of_which_are_in/,https://www.reddit.com/r/regina/comments/i07yg0/50_new_covid19_cases_in_sk_2_of_which_are_in/,True,False,False,False,False,Regina,"50 new COVID-19 cases in SK, 2 of which are in Regina  [https://www.saskatchewan.ca/government/news-and-media/2020/july/29/covid-19-update-july-29](https://www.saskatchewan.ca/government/news-and-media/2020/july/29/covid-19-update-july-29) 

> There are 50 new cases of COVID-19 to report in Saskatchewan on July 29, bringing the total to 1,268 cases.  The new cases are located in the North (44), South (3), Regina (2) and Central (1) regions.  
>  
>Of the 50 cases reported today, 44 are from one communal living setting.",2020-07-29 20:23:10+00:00,2020,7,29,2,Wednesday,31,20,summer,2020-2021_pandemic_era,new covid cases in sk of which are in regina there are new cases of covid to report in saskatchewan on july bringing the total to cases. the new cases are located in the north south regina and central regions. of the cases reported today are from one communal living setting.,275,51,False,False,True,0,0,1,False,0.9019607843137255,0.07999999999999996,True,False,False,True,False,False,2020_Q3,24c971ec5c999443,0.0,0.0,1.0,0.0,neutral
hoyvge,"YQR has seen zero COVID cases for over a month now. Thanks for staying safe, Regina! Let's keep the vigilance.","&#x200B;

https://preview.redd.it/zuvtagbfy3a51.png?width=620&format=png&auto=webp&s=0a3356ebf5562e91310c44e3feac33f7cf6306f8",1594420903.0,85,38,None,0.97,/r/regina/comments/hoyvge/yqr_has_seen_zero_covid_cases_for_over_a_month/,https://www.reddit.com/r/regina/comments/hoyvge/yqr_has_seen_zero_covid_cases_for_over_a_month/,True,False,False,False,False,Regina,"YQR has seen zero COVID cases for over a month now. Thanks for staying safe, Regina! Let's keep the vigilance. &#x200B;

https://preview.redd.it/zuvtagbfy3a51.png?width=620&format=png&auto=webp&s=0a3356ebf5562e91310c44e3feac33f7cf6306f8",2020-07-10 22:41:43+00:00,2020,7,10,4,Friday,28,22,summer,2020-2021_pandemic_era,yqr has seen zero covid cases for over a month now. thanks for staying safe regina! let s keep the vigilance. x b,113,23,False,False,True,0,0,1,False,0.4418604651162791,0.030000000000000027,True,False,False,True,False,False,2020_Q3,0839dbc7cd97cf33,0.7263,0.225,0.775,0.0,positive
hnl37q,Covid Testing Process,"Edit: I just got my results back... NEGATIVE!!   
Thank you to everyone that wished me well and those that recommended checking the Sask Health Records website. I will be able to sleep tonight now 

&#x200B;

So today I got tested for Covid. Some have asked about the process so I thought I would make a separate post describing the events I went through starting Tuesday.

I called 811 Tuesday morning at 10:00 AM. They asked me about my symptoms; sore throat, slight sniffles, I am also diabetic so I am high risk club. The lady said I met the criteria to get tested. I was told that someone from the testing site would contact me later in the day to inform me when and where to go. I was also informed by 811 that I and anyone else that resides in my residence are confined to my property. I can use my yards but I can not leave them unless it is to go to a doctor/hospital/testing site.

The testing site called me Tuesday afternoon at 4:00 PM to tell me to show up to the testing site, 410 Pioneer Drive, anytime after 9:00 AM but before 3:30 PM on Wednesday. I showed up at 8:50 this morning and was second in the queue. When I arrive I stopped at the entrance and was asked my name, given a mask, assigned a parking spot and told to wait inside my vehicle until a nurse came to get me from my vehicle. When the nurse came for me I was led into the building and sat in a room with another nurse that confirmed my identity and administered the swab. The swab didn't hurt but was uncomfortable. It made my nose run a bit and my eye water on the side that was swabbed.

I should have my results in 1-3 days, others that have had the test told me they had their results in 36 hours.",1594228569.0,45,38,None,0.96,/r/regina/comments/hnl37q/covid_testing_process/,https://www.reddit.com/r/regina/comments/hnl37q/covid_testing_process/,True,False,False,False,False,Regina,"Covid Testing Process Edit: I just got my results back... NEGATIVE!!   
Thank you to everyone that wished me well and those that recommended checking the Sask Health Records website. I will be able to sleep tonight now 

&#x200B;

So today I got tested for Covid. Some have asked about the process so I thought I would make a separate post describing the events I went through starting Tuesday.

I called 811 Tuesday morning at 10:00 AM. They asked me about my symptoms; sore throat, slight sniffles, I am also diabetic so I am high risk club. The lady said I met the criteria to get tested. I was told that someone from the testing site would contact me later in the day to inform me when and where to go. I was also informed by 811 that I and anyone else that resides in my residence are confined to my property. I can use my yards but I can not leave them unless it is to go to a doctor/hospital/testing site.

The testing site called me Tuesday afternoon at 4:00 PM to tell me to show up to the testing site, 410 Pioneer Drive, anytime after 9:00 AM but before 3:30 PM on Wednesday. I showed up at 8:50 this morning and was second in the queue. When I arrive I stopped at the entrance and was asked my name, given a mask, assigned a parking spot and told to wait inside my vehicle until a nurse came to get me from my vehicle. When the nurse came for me I was led into the building and sat in a room with another nurse that confirmed my identity and administered the swab. The swab didn't hurt but was uncomfortable. It made my nose run a bit and my eye water on the side that was swabbed.

I should have my results in 1-3 days, others that have had the test told me they had their results in 36 hours.",2020-07-08 17:16:09+00:00,2020,7,8,2,Wednesday,28,17,summer,2020-2021_pandemic_era,covid testing process edit i just got my results back... negative!! thank you to everyone that wished me well and those that recommended checking the sask health records website. i will be able to sleep tonight now x b so today i got tested for covid. some have asked about the process so i thought i would make a separate post describing the events i went through starting tuesday. i called tuesday morning at am. they asked me about my symptoms sore throat slight sniffles i am also diabetic so i am high risk club. the lady said i met the criteria to get tested. i was told that someone from the testing site would contact me later in the day to inform me when and where to go. i was also informed by that i and anyone else that resides in my residence are confined to my property. i can use my yards but i can not leave them unless it is to go to a doctor hospital testing site. the testing site called me tuesday afternoon at pm to tell me to show up to the testing site ADDRESS anytime after am but before pm on wednesday. i showed up at this morning and was second in the queue. when i arrive i stopped at the entrance and was asked my name given a mask assigned a parking spot and told to wait inside my vehicle until a nurse came to get me from my vehicle. when the nurse came for me i was led into the building and sat in a room with another nurse that confirmed my identity and administered the swab. the swab didn t hurt but was uncomfortable. it made my nose run a bit and my eye water on the side that was swabbed. i should have my results in days others that have had the test told me they had their results in hours.,1632,322,False,False,True,0,0,4,False,0.8260869565217391,0.040000000000000036,True,False,False,True,False,False,2020_Q3,96405fdf5f790b41,-0.9129,0.018,0.933,0.05,negative
hzn52v,"One death, nine new cases of COVID-19 in SK (including one in Regina)","[https://www.cjme.com/2020/07/28/17th-covid-19-death-announced-in-saskatchewan-nine-new-cases-2/](https://www.cjme.com/2020/07/28/17th-covid-19-death-announced-in-saskatchewan-nine-new-cases-2/)

>The Saskatchewan government is announcing a 17th person is dead from COVID-19 as the province adds nine new cases on Tuesday.  
>  
>The person who died was in their 70s in the south region of the province.  
>  
>Tuesday’s nine new cases include three in the south, two in the Saskatoon region, two in the north, one in the central area and one in Regina.  
>  
>Saskatchewan also saw 21 new recoveries, bringing the active case count down to 294 after a one-day spike over 300.  
>  
>The numbers note 13 cases of COVID-19 being treated in hospital, with five of those patients in intensive care — three in Saskatoon and two in Regina.

The government provided a warning for the coming long weekend: 

>“There may be social or peer pressure to attend events that you feel pose an unacceptable amount of risk to you and your family,” the release notes.  
>  
>“Decisions not to attend are your own, and are not cause for ridicule or shame. Family and friends should understand and respect measures that people are taking to stay healthy and prevent the spread of COVID-19.”

&#x200B;",1595970585.0,43,26,None,0.9,/r/regina/comments/hzn52v/one_death_nine_new_cases_of_covid19_in_sk/,https://www.reddit.com/r/regina/comments/hzn52v/one_death_nine_new_cases_of_covid19_in_sk/,True,False,False,False,False,Regina,"One death, nine new cases of COVID-19 in SK (including one in Regina) [https://www.cjme.com/2020/07/28/17th-covid-19-death-announced-in-saskatchewan-nine-new-cases-2/](https://www.cjme.com/2020/07/28/17th-covid-19-death-announced-in-saskatchewan-nine-new-cases-2/)

>The Saskatchewan government is announcing a 17th person is dead from COVID-19 as the province adds nine new cases on Tuesday.  
>  
>The person who died was in their 70s in the south region of the province.  
>  
>Tuesday’s nine new cases include three in the south, two in the Saskatoon region, two in the north, one in the central area and one in Regina.  
>  
>Saskatchewan also saw 21 new recoveries, bringing the active case count down to 294 after a one-day spike over 300.  
>  
>The numbers note 13 cases of COVID-19 being treated in hospital, with five of those patients in intensive care — three in Saskatoon and two in Regina.

The government provided a warning for the coming long weekend: 

>“There may be social or peer pressure to attend events that you feel pose an unacceptable amount of risk to you and your family,” the release notes.  
>  
>“Decisions not to attend are your own, and are not cause for ridicule or shame. Family and friends should understand and respect measures that people are taking to stay healthy and prevent the spread of COVID-19.”

&#x200B;",2020-07-28 21:09:45+00:00,2020,7,28,1,Tuesday,31,21,summer,2020-2021_pandemic_era,one death nine new cases of covid in sk including one in regina the saskatchewan government is announcing a th person is dead from covid as the province adds nine new cases on tuesday. the person who died was in their s in the south region of the province. tuesday s nine new cases include three in the south two in the saskatoon region two in the north one in the central area and one in regina. saskatchewan also saw new recoveries bringing the active case count down to after a one day spike over . the numbers note cases of covid being treated in hospital with five of those patients in intensive care three in saskatoon and two in regina. the government provided a warning for the coming long weekend there may be social or peer pressure to attend events that you feel pose an unacceptable amount of risk to you and your family the release notes. decisions not to attend are your own and are not cause for ridicule or shame. family and friends should understand and respect measures that people are taking to stay healthy and prevent the spread of covid . x b,1064,197,False,False,True,0,0,1,False,0.5909090909090909,0.09999999999999998,True,False,False,True,False,False,2020_Q3,24c971ec5c999443,-0.8031,0.082,0.809,0.109,negative
hyw7w2,Moving from Regina - So Long,"My wife and I moved to Regina a little over three years ago from Alberta. As of the end of the month I'm moving out of province for work. I thought I'd leave some thoughts behind about our time here.

The preface: Before coming to Saskatchewan, I'd never been here and never saw any reason to visit Saskatchewan. I was born and raised in Alberta all my life and always heard nothing but bad things about Saskatchewan, and Regina. Three years in, I can confidently say that this province's reputation to the rest of Canada is not deserved.

The pros:  
\-For the most part, this province feels like home to me with almost the same prairie landscape, open roads, and lack of trees (east of the QEII). Yes, the lack of a mountain landscape to the West always leaves my soul a little depressed, but Albertans who say that these two provinces are completely different places are flat out wrong.  
\-There's pretty much no such thing as a busy highway--including the Trans Canada  
\-Probably the friendliest people in Canada   
\-Cost of living is very affordable, even if some rentals in Regina are priced higher than they should be  
\-The thuderstorms are unreal. I thought Alberta had some wicked storms... yea they pale in comparison.  
\-There are definitely some beautiful places visit/camp/hike/bike. Most notable: Duck Mountain Provincial Park, Moose Mountain Provincial Park, Douglas Provincial Park, Grasslands National Park, The Big Muddy (and Castle Butte), Saskatoon waterfront, Sans Dunes near Douglas Prov Park, boating on Last Mountain Lake. Unfortunately we never got the chance to visit Prince Albert, but I'm confident it's worthwhile. I think our highlight is Duck Mountain.  
\-Rush hour in Regina is more like rush half-hour, but all it takes is for one collision to turn this place into a parking lot.   
\-The diversity in Regina was unexpected and was great to see when we moved to the Harbour Landing area. It's nice to be able to experience other cultures and try different foods here.  
\-Dining options in Regina are excellent and very diverse.  
\-The sunny, warm summers that extend into the fall.  
\-Sasktel: I'll be keeping my Saskatchewan number and taking advantage of the cheaper plans that come with it.

The cons:  
\-People that drive 80 km/h on the Ring Road for no good reason. Every...bloody...time.  
\-The winters... well they do live up to their reputation here. I've never experience such teeth chattering cold for such long periods. Most of the trunk of my car was winter survival gear in case I hit the ditch in -40. There were times when I was miserable during a nasty cold streak. I think I needed a few more years to start getting used to it.  
\-The drinking water in most places is to be desired. The water is really hard even in Regina. It usually tastes fine, but yikes I'd hate to see what it does to the plumbing if you don't have a softener.  
\-Riders' game night. I'm not a sports person so I don't care who wins what, but I really hated game nights in Regina. The drunkards running around our street late in the night after the win keeping me up, the traffic snarl pre and post game, and the inability to have a conversation at a restaurant.  
\-The long drives to get almost anywhere of interest. All of those provincial parks above are great to visit, but every trip means planning a 2 to 4 hour drive one way, and the drive to them isn't anything special.   
\-The airport. I mean, it's great to have an airport that can get you to some of the main hubs directly, but it's just irritating to have to fly to Calgary every time I wanted to go to Ontario. The lack of options to the U.S. other than tourist destinations is disappointing as well. Oh, and the lack of a bus route, or even a walk signal to cross Lewvan to the airport, is beyond infuriating.   
\-Visiting places with the word ""mountain"" in their name and being very disappointing upon arrival. 

The takeaway: It's been a good three years and in some ways I wouldn't mind staying here longer. All-in-all, it's been a great experience and like any place you live there are always positives and negatives, but it really is what you make of it. I feel like the reputation this province has is the result of people that grew up in large cities who had to move here for one reason or another and have no idea that the majority of the Canada is just as wide open and rural as Saskatchewan is. 

Farewell Regina!",1595869497.0,226,36,None,0.96,/r/regina/comments/hyw7w2/moving_from_regina_so_long/,https://www.reddit.com/r/regina/comments/hyw7w2/moving_from_regina_so_long/,True,False,False,False,False,Regina,"Moving from Regina - So Long My wife and I moved to Regina a little over three years ago from Alberta. As of the end of the month I'm moving out of province for work. I thought I'd leave some thoughts behind about our time here.

The preface: Before coming to Saskatchewan, I'd never been here and never saw any reason to visit Saskatchewan. I was born and raised in Alberta all my life and always heard nothing but bad things about Saskatchewan, and Regina. Three years in, I can confidently say that this province's reputation to the rest of Canada is not deserved.

The pros:  
\-For the most part, this province feels like home to me with almost the same prairie landscape, open roads, and lack of trees (east of the QEII). Yes, the lack of a mountain landscape to the West always leaves my soul a little depressed, but Albertans who say that these two provinces are completely different places are flat out wrong.  
\-There's pretty much no such thing as a busy highway--including the Trans Canada  
\-Probably the friendliest people in Canada   
\-Cost of living is very affordable, even if some rentals in Regina are priced higher than they should be  
\-The thuderstorms are unreal. I thought Alberta had some wicked storms... yea they pale in comparison.  
\-There are definitely some beautiful places visit/camp/hike/bike. Most notable: Duck Mountain Provincial Park, Moose Mountain Provincial Park, Douglas Provincial Park, Grasslands National Park, The Big Muddy (and Castle Butte), Saskatoon waterfront, Sans Dunes near Douglas Prov Park, boating on Last Mountain Lake. Unfortunately we never got the chance to visit Prince Albert, but I'm confident it's worthwhile. I think our highlight is Duck Mountain.  
\-Rush hour in Regina is more like rush half-hour, but all it takes is for one collision to turn this place into a parking lot.   
\-The diversity in Regina was unexpected and was great to see when we moved to the Harbour Landing area. It's nice to be able to experience other cultures and try different foods here.  
\-Dining options in Regina are excellent and very diverse.  
\-The sunny, warm summers that extend into the fall.  
\-Sasktel: I'll be keeping my Saskatchewan number and taking advantage of the cheaper plans that come with it.

The cons:  
\-People that drive 80 km/h on the Ring Road for no good reason. Every...bloody...time.  
\-The winters... well they do live up to their reputation here. I've never experience such teeth chattering cold for such long periods. Most of the trunk of my car was winter survival gear in case I hit the ditch in -40. There were times when I was miserable during a nasty cold streak. I think I needed a few more years to start getting used to it.  
\-The drinking water in most places is to be desired. The water is really hard even in Regina. It usually tastes fine, but yikes I'd hate to see what it does to the plumbing if you don't have a softener.  
\-Riders' game night. I'm not a sports person so I don't care who wins what, but I really hated game nights in Regina. The drunkards running around our street late in the night after the win keeping me up, the traffic snarl pre and post game, and the inability to have a conversation at a restaurant.  
\-The long drives to get almost anywhere of interest. All of those provincial parks above are great to visit, but every trip means planning a 2 to 4 hour drive one way, and the drive to them isn't anything special.   
\-The airport. I mean, it's great to have an airport that can get you to some of the main hubs directly, but it's just irritating to have to fly to Calgary every time I wanted to go to Ontario. The lack of options to the U.S. other than tourist destinations is disappointing as well. Oh, and the lack of a bus route, or even a walk signal to cross Lewvan to the airport, is beyond infuriating.   
\-Visiting places with the word ""mountain"" in their name and being very disappointing upon arrival. 

The takeaway: It's been a good three years and in some ways I wouldn't mind staying here longer. All-in-all, it's been a great experience and like any place you live there are always positives and negatives, but it really is what you make of it. I feel like the reputation this province has is the result of people that grew up in large cities who had to move here for one reason or another and have no idea that the majority of the Canada is just as wide open and rural as Saskatchewan is. 

Farewell Regina!",2020-07-27 17:04:57+00:00,2020,7,27,0,Monday,31,17,summer,2020-2021_pandemic_era,moving from regina so long my wife and i moved to regina a little over three years ago from alberta. as of the end of the month i m moving out of province for work. i thought i d leave some thoughts behind about our time here. the preface before coming to saskatchewan i d never been here and never saw any reason to visit saskatchewan. i was born and raised in alberta all my life and always heard nothing but bad things about saskatchewan and regina. three years in i can confidently say that this province s reputation to the rest of canada is not deserved. the pros for the most part this province feels like home to me with almost the same prairie landscape open roads and lack of trees east of the qeii . yes the lack of a mountain landscape to the west always leaves my soul a little depressed but albertans who say that these two provinces are completely different places are flat out wrong. there s pretty much no such thing as a busy highway including the trans canada probably the friendliest people in canada cost of living is very affordable even if some rentals in regina are priced higher than they should be the thuderstorms are unreal. i thought alberta had some wicked storms... yea they pale in comparison. there are definitely some beautiful places visit camp hike bike. most notable duck mountain provincial park moose mountain provincial park douglas provincial park grasslands national park the big muddy and castle butte saskatoon waterfront sans dunes near douglas prov park boating on last mountain lake. unfortunately we never got the chance to visit prince albert but i m confident it s worthwhile. i think our highlight is duck mountain. rush hour in regina is more like rush half hour but all it takes is for one collision to turn this place into a parking lot. the diversity in regina was unexpected and was great to see when we moved to the harbour landing area. it s nice to be able to experience other cultures and try different foods here. dining options in regina are excellent and very diverse. the sunny warm summers that extend into the fall. sasktel i ll be keeping my saskatchewan number and taking advantage of the cheaper plans that come with it. the cons people that drive km h on the ring road for no good reason. every...bloody...time. the winters... well they do live up to their reputation here. i ve never experience such teeth chattering cold for such long periods. most of the trunk of my car was winter survival gear in case i hit the ditch in . there were times when i was miserable during a nasty cold streak. i think i needed a few more years to start getting used to it. the drinking water in most places is to be desired. the water is really hard even in regina. it usually tastes fine but yikes i d hate to see what it does to the plumbing if you don t have a softener. riders game night. i m not a sports person so i don t care who wins what but i really hated game nights in regina. the drunkards running around our street late in the night after the win keeping me up the traffic snarl pre and post game and the inability to have a conversation at a restaurant. the long drives to get almost anywhere of interest. all of those provincial parks above are great to visit but every trip means planning a ADDRESS one way and the drive to them isn t anything special. the airport. i mean it s great to have an airport that can get you to some of the main hubs directly but it s just irritating to have to fly to calgary every time i wanted to go to ontario. the lack of options to the u.s. other than tourist destinations is disappointing as well. oh and the lack of a bus route or even a walk signal to cross lewvan to the airport is beyond infuriating. visiting places with the word mountain in their name and being very disappointing upon arrival. the takeaway it s been a good three years and in some ways i wouldn t mind staying here longer. all in all it s been a great experience and like any place you live there are always positives and negatives but it really is what you make of it. i feel like the reputation this province has is the result of people that grew up in large cities who had to move here for one reason or another and have no idea that the majority of the canada is just as wide open and rural as saskatchewan is. farewell regina!,4311,807,False,True,False,0,6,0,False,0.15859030837004406,0.040000000000000036,True,False,False,True,False,False,2020_Q3,4e17545c82e66e85,0.9952,0.142,0.769,0.089,positive
hx9ouc,"In my opinion, we should not be angry at Hutterite groups for increasing COVID risk. We should be mad at Pallister for allowing people to come in from the western provinces without mandatory 14 day quarantine","The Hutterite’s followed the rules as laid out by Pallister. Any Hutterite, no matter from what colony, should edit: not receive any public ire or discrimination. 

The blame lies at Pallister’s feet. 

Imagine how many cases we would have in two weeks if he took away the mandatory 14 day quarantine for travel to/from the eastern provinces?",1595623402.0,620,149,Community,0.86,/r/Winnipeg/comments/hx9ouc/in_my_opinion_we_should_not_be_angry_at_hutterite/,https://www.reddit.com/r/Winnipeg/comments/hx9ouc/in_my_opinion_we_should_not_be_angry_at_hutterite/,True,False,False,False,False,Winnipeg,"In my opinion, we should not be angry at Hutterite groups for increasing COVID risk. We should be mad at Pallister for allowing people to come in from the western provinces without mandatory 14 day quarantine The Hutterite’s followed the rules as laid out by Pallister. Any Hutterite, no matter from what colony, should edit: not receive any public ire or discrimination. 

The blame lies at Pallister’s feet. 

Imagine how many cases we would have in two weeks if he took away the mandatory 14 day quarantine for travel to/from the eastern provinces?",2020-07-24 20:43:22+00:00,2020,7,24,4,Friday,30,20,summer,2020-2021_pandemic_era,in my opinion we should not be angry at hutterite groups for increasing covid risk. we should be mad at pallister for allowing people to come in from the western provinces without mandatory day quarantine the hutterite s followed the rules as laid out by pallister. any hutterite no matter from what colony should edit not receive any public ire or discrimination. the blame lies at pallister s feet. imagine how many cases we would have in two weeks if he took away the mandatory day quarantine for travel to from the eastern provinces?,537,94,False,False,True,0,0,2,False,0.23993558776167473,0.14,True,False,False,True,False,False,2020_Q3,1b8889f000fd42e9,-0.7779,0.039,0.837,0.124,negative
huoehf,"Alberta now has the highest per capita rate of COVID-19 infections in Canada: can we put Alberta back on the ""quarantine for 14 days"" list?",,1595262738.0,528,121,Community,0.97,/r/Winnipeg/comments/huoehf/alberta_now_has_the_highest_per_capita_rate_of/,https://albertapolitics.ca/2020/07/alberta-now-has-the-highest-per-capita-rate-of-covid-19-infections-in-canada-this-is-nothing-to-be-proud-of/?utm_source=rss&utm_medium=rss&utm_campaign=alberta-now-has-the-highest-per-capita-rate-of-covid-19-infections-in-canada-this-is-nothing-to-be-proud-of,False,False,False,False,False,Winnipeg,"Alberta now has the highest per capita rate of COVID-19 infections in Canada: can we put Alberta back on the ""quarantine for 14 days"" list? ",2020-07-20 16:32:18+00:00,2020,7,20,0,Monday,30,16,summer,2020-2021_pandemic_era,alberta now has the highest per capita rate of covid infections in canada can we put alberta back on the quarantine for days list?,130,24,False,False,True,0,0,2,False,0.22873345935727787,0.030000000000000027,True,False,False,True,False,False,2020_Q3,77817589221c9cf3,0.0,0.0,1.0,0.0,neutral
howofq,Masks could be mandated in Manitoba this fall to help prevent COVID-19 spread: Roussin,,1594413392.0,291,193,News,0.95,/r/Winnipeg/comments/howofq/masks_could_be_mandated_in_manitoba_this_fall_to/,https://winnipegsun.com/news/news-news/masks-could-mandated-in-manitoba-this-fall-to-help-prevent-covid-19-spread-roussin,False,False,False,False,False,Winnipeg,Masks could be mandated in Manitoba this fall to help prevent COVID-19 spread: Roussin ,2020-07-10 20:36:32+00:00,2020,7,10,4,Friday,28,20,summer,2020-2021_pandemic_era,masks could be mandated in manitoba this fall to help prevent covid spread roussin,82,14,False,True,True,0,1,3,False,0.660958904109589,0.050000000000000044,True,False,False,True,False,False,2020_Q3,6df7d1d59ab9cf05,0.4215,0.241,0.759,0.0,positive
hmzjsg,No new COVID-19 cases in Manitoba today. 1 week streak, [https://experience.arcgis.com/experience/f55693e56018406ebbd08b3492e99771](https://experience.arcgis.com/experience/f55693e56018406ebbd08b3492e99771),1594144754.0,412,58,News,0.99,/r/Winnipeg/comments/hmzjsg/no_new_covid19_cases_in_manitoba_today_1_week/,https://www.reddit.com/r/Winnipeg/comments/hmzjsg/no_new_covid19_cases_in_manitoba_today_1_week/,True,False,False,False,False,Winnipeg,No new COVID-19 cases in Manitoba today. 1 week streak  [https://experience.arcgis.com/experience/f55693e56018406ebbd08b3492e99771](https://experience.arcgis.com/experience/f55693e56018406ebbd08b3492e99771),2020-07-07 17:59:14+00:00,2020,7,7,1,Tuesday,28,17,summer,2020-2021_pandemic_era,no new covid cases in manitoba today. ADDRESS reak,50,9,False,False,True,0,0,1,False,0.14043583535108958,0.010000000000000009,True,False,False,True,False,False,2020_Q3,ddc6848e15b5c0fd,-0.296,0.0,0.784,0.216,negative
hx6mm3,"Homicide, thefts, fraud: Winnipeg police says alarming increases in brazen crime",,1595613626.0,32,78,Article/Opinion,0.84,/r/Winnipeg/comments/hx6mm3/homicide_thefts_fraud_winnipeg_police_says/,https://www.msn.com/en-ca/news/canada/homicide-thefts-fraud-winnipeg-police-says-alarming-increases-in-brazen-crime/ar-BB178zcq?li=AAggFp5,False,False,False,False,False,Winnipeg,"Homicide, thefts, fraud: Winnipeg police says alarming increases in brazen crime ",2020-07-24 18:00:26+00:00,2020,7,24,4,Friday,30,18,summer,2020-2021_pandemic_era,homicide thefts fraud winnipeg police says alarming increases in brazen crime,77,11,True,False,False,5,0,0,False,2.3636363636363638,0.16000000000000003,True,False,False,True,False,False,2020_Q3,f21fc221de163e8c,-0.8316,0.0,0.476,0.524,negative
hytahi,Can someone explain to me how our high schools aren't just going to be like the meat packing plants when it comes to Covid-19?,Our biggest high schools are like 2000 to 2500 students plus staff. They're both large enclosed indoor spaces with narrow hallways and shared eating spaces. How is it not going to be a huge vector for people to get sick?,1595860193.0,548,220,Discussion,0.94,/r/Edmonton/comments/hytahi/can_someone_explain_to_me_how_our_high_schools/,https://www.reddit.com/r/Edmonton/comments/hytahi/can_someone_explain_to_me_how_our_high_schools/,True,False,False,False,False,Edmonton,Can someone explain to me how our high schools aren't just going to be like the meat packing plants when it comes to Covid-19? Our biggest high schools are like 2000 to 2500 students plus staff. They're both large enclosed indoor spaces with narrow hallways and shared eating spaces. How is it not going to be a huge vector for people to get sick?,2020-07-27 14:29:53+00:00,2020,7,27,0,Monday,31,14,summer,2020-2021_pandemic_era,can someone explain to me how our high schools aren t just going to be like the meat packing plants when it comes to covid ? our biggest high schools are like ADDRESS aff. they re both large enclosed indoor spaces with narrow hallways and shared eating spaces. how is it not going to be a huge vector for people to get sick?,324,63,False,False,True,0,0,1,False,0.4007285974499089,0.06000000000000005,True,False,False,True,False,False,2020_Q3,c802a2ab6ec66ca7,0.6966,0.141,0.813,0.046,positive
hz27kl,July 27 - Edmonton Cases of COVID-19,,1595888267.0,364,121,Covid-19 Coronavirus,0.96,/r/Edmonton/comments/hz27kl/july_27_edmonton_cases_of_covid19/,https://i.redd.it/ct5g1uxd5hd51.png,False,False,False,False,False,Edmonton,July 27 - Edmonton Cases of COVID-19 ,2020-07-27 22:17:47+00:00,2020,7,27,0,Monday,31,22,summer,2020-2021_pandemic_era,july edmonton cases of covid,28,5,False,False,True,0,0,1,False,0.3315068493150685,0.040000000000000036,True,False,False,True,False,False,2020_Q3,257065bb11772fa3,0.0,0.0,1.0,0.0,neutral
huv8xt,July 20 - Edmonton Cases of COVID-19,,1595283909.0,337,105,Covid-19 Coronavirus,0.96,/r/Edmonton/comments/huv8xt/july_20_edmonton_cases_of_covid19/,https://i.redd.it/8poxuych83c51.png,False,False,False,False,False,Edmonton,July 20 - Edmonton Cases of COVID-19 ,2020-07-20 22:25:09+00:00,2020,7,20,0,Monday,30,22,summer,2020-2021_pandemic_era,july edmonton cases of covid,28,5,False,False,True,0,0,1,False,0.3106508875739645,0.040000000000000036,True,False,False,True,False,False,2020_Q3,257065bb11772fa3,0.0,0.0,1.0,0.0,neutral
hvvoml,Alberta police making public freakout. Assaults old man who isn't resisting at all.,,1595431358.0,435,413,General,0.92,/r/Edmonton/comments/hvvoml/alberta_police_making_public_freakout_assaults/,https://v.redd.it/dfmf753rvec51,False,False,False,False,False,Edmonton,Alberta police making public freakout. Assaults old man who isn't resisting at all. ,2020-07-22 15:22:38+00:00,2020,7,22,2,Wednesday,30,15,summer,2020-2021_pandemic_era,alberta police making public freakout. assaults old man who isn t resisting at all.,83,14,True,False,False,2,0,0,False,0.9472477064220184,0.07999999999999996,True,False,False,True,False,False,2020_Q3,e9fedf7bf5a560e4,-0.743,0.0,0.656,0.344,negative
ho3y2v,"Surveillance video shows truck smashing into Edmonton cigar store, theft",,1594304599.0,8,7,News,0.83,/r/Edmonton/comments/ho3y2v/surveillance_video_shows_truck_smashing_into/,https://edmonton.ctvnews.ca/mobile/surveillance-video-shows-truck-smashing-into-edmonton-cigar-store-theft-1.5017194,False,False,False,False,False,Edmonton,"Surveillance video shows truck smashing into Edmonton cigar store, theft ",2020-07-09 14:23:19+00:00,2020,7,9,3,Thursday,28,14,summer,2020-2021_pandemic_era,surveillance video shows truck smashing into edmonton cigar store theft,71,10,True,False,False,1,0,0,False,0.7777777777777778,0.17000000000000004,True,False,False,True,False,False,2020_Q3,add181ec3c316130,0.0,0.0,1.0,0.0,neutral
hrn8qh,"Amid racism allegations, Edmonton CFL team says name invokes pride in cold weather toughness",,1594818541.0,69,113,News,0.85,/r/Edmonton/comments/hrn8qh/amid_racism_allegations_edmonton_cfl_team_says/,https://www.theglobeandmail.com/sports/article-amid-racism-allegations-edmonton-cfl-team-says-name-invokes-pride-in/,False,False,False,False,False,Edmonton,"Amid racism allegations, Edmonton CFL team says name invokes pride in cold weather toughness ",2020-07-15 13:09:01+00:00,2020,7,15,2,Wednesday,29,13,summer,2020-2021_pandemic_era,amid racism allegations edmonton cfl team says name invokes pride in cold weather toughness,91,14,False,True,False,0,2,0,False,1.6142857142857143,0.15000000000000002,True,False,False,True,False,False,2020_Q3,c802a2ab6ec66ca7,-0.4404,0.128,0.588,0.283,negative
hqn87c,56 new COVID cases over the weekend,,1594672558.0,85,174,None,0.96,/r/saskatchewan/comments/hqn87c/56_new_covid_cases_over_the_weekend/,https://www.saskatchewan.ca/government/health-care-administration-and-provider-resources/treatment-procedures-and-guidelines/emerging-public-health-issues/2019-novel-coronavirus/cases-and-risk-of-covid-19-in-saskatchewan,False,False,False,False,False,saskatchewan,56 new COVID cases over the weekend ,2020-07-13 20:35:58+00:00,2020,7,13,0,Monday,29,20,summer,2020-2021_pandemic_era,new covid cases over the weekend,32,6,False,False,True,0,0,1,False,2.0232558139534884,0.040000000000000036,True,False,False,True,False,False,2020_Q3,ca44924238c6f3ac,0.0,0.0,1.0,0.0,neutral
hshtux,"COVID-19 in Sask: Province sees record-high one-day increase of 42 cases, tracker says www.cbc.ca",,1594931766.0,87,114,None,0.93,/r/saskatchewan/comments/hshtux/covid19_in_sask_province_sees_recordhigh_oneday/,https://www.cbc.ca/news/canada/saskatoon/covid-19-saskatchewan-hutterite-1.5651718,False,False,False,False,False,saskatchewan,"COVID-19 in Sask: Province sees record-high one-day increase of 42 cases, tracker says www.cbc.ca ",2020-07-16 20:36:06+00:00,2020,7,16,3,Thursday,29,20,summer,2020-2021_pandemic_era,covid in sask province sees record high one day increase of cases tracker says,78,14,False,False,True,0,0,1,False,1.2954545454545454,0.06999999999999995,True,False,False,True,False,False,2020_Q3,ca44924238c6f3ac,0.3182,0.15,0.85,0.0,positive
hqw9zc,"Sask. government boosts funding to Regina, Saskatoon police",,1594707427.0,49,73,None,1.0,/r/saskatchewan/comments/hqw9zc/sask_government_boosts_funding_to_regina/,https://www.cbc.ca/news/canada/saskatchewan/regina-saskatoon-police-government-funding-1.5647793,False,False,False,False,False,saskatchewan,"Sask. government boosts funding to Regina, Saskatoon police ",2020-07-14 06:17:07+00:00,2020,7,14,1,Tuesday,29,6,summer,2020-2021_pandemic_era,sask. government boosts funding to regina saskatoon police,58,8,True,False,False,1,0,0,False,1.46,0.0,True,False,False,True,False,False,2020_Q3,6bf351bb146c2db3,0.3182,0.247,0.753,0.0,positive
hrnrir,Saskatoon police tell residents not to report American cars - Saskatoon,,1594820516.0,54,56,None,0.9,/r/saskatchewan/comments/hrnrir/saskatoon_police_tell_residents_not_to_report/,https://globalnews.ca/news/7177345/saskatoon-police-dont-report-american-cars/amp/,False,False,False,False,False,saskatchewan,Saskatoon police tell residents not to report American cars - Saskatoon ,2020-07-15 13:41:56+00:00,2020,7,15,2,Wednesday,29,13,summer,2020-2021_pandemic_era,saskatoon police tell residents not to report american cars saskatoon,69,10,True,False,False,1,0,0,False,1.018181818181818,0.09999999999999998,True,False,False,True,False,False,2020_Q3,6a243ca89e6f35c1,0.0,0.0,1.0,0.0,neutral
hzivco,My little grapevine survived the endless winter and is making fruit. In late a March it was still snowed under,,1595957220.0,73,7,None,0.95,/r/saskatchewan/comments/hzivco/my_little_grapevine_survived_the_endless_winter/,https://i.redd.it/7yqx14qnumd51.jpg,False,False,False,False,False,saskatchewan,My little grapevine survived the endless winter and is making fruit. In late a March it was still snowed under ,2020-07-28 17:27:00+00:00,2020,7,28,1,Tuesday,31,17,summer,2020-2021_pandemic_era,my little grapevine survived the endless winter and is making fruit. in late a march it was still snowed under,110,20,False,True,False,0,2,0,False,0.0945945945945946,0.050000000000000044,True,False,False,True,False,False,2020_Q3,0c462ad29a60a103,0.4627,0.137,0.863,0.0,positive
hvbkd1,"Manitoba looks to open borders, increase gathering sizes in Phase 4 of COVID-19 recovery. After a recent uptick in cases, this sounds like a greaaat idea.",,1595352111.0,87,38,None,0.9,/r/Manitoba/comments/hvbkd1/manitoba_looks_to_open_borders_increase_gathering/,https://www.cbc.ca/news/canada/manitoba/premier-brian-pallister-safe-services-1.5657331,False,False,False,False,False,manitoba,"Manitoba looks to open borders, increase gathering sizes in Phase 4 of COVID-19 recovery. After a recent uptick in cases, this sounds like a greaaat idea. ",2020-07-21 17:21:51+00:00,2020,7,21,1,Tuesday,30,17,summer,2020-2021_pandemic_era,manitoba looks to open borders increase gathering sizes in phase of covid recovery. after a recent uptick in cases this sounds like a greaaat idea.,147,25,False,False,True,0,0,1,False,0.4318181818181818,0.09999999999999998,True,False,False,True,False,False,2020_Q3,782531567e238872,0.5859,0.173,0.827,0.0,positive
hxni2r,Latest Covid cases,"I understand most of our new cases are on the colonies but for the cases that aren't does anyone know if they are also from out of province travel, or are they community spread in Winnipeg?",1595686933.0,20,4,None,0.89,/r/Manitoba/comments/hxni2r/latest_covid_cases/,https://www.reddit.com/r/Manitoba/comments/hxni2r/latest_covid_cases/,True,False,False,False,False,manitoba,"Latest Covid cases I understand most of our new cases are on the colonies but for the cases that aren't does anyone know if they are also from out of province travel, or are they community spread in Winnipeg?",2020-07-25 14:22:13+00:00,2020,7,25,5,Saturday,30,14,summer,2020-2021_pandemic_era,latest covid cases i understand most of our new cases are on the colonies but for the cases that aren t does anyone know if they are also from out of province travel or are they community spread in winnipeg?,207,40,False,False,True,0,0,1,False,0.19047619047619047,0.10999999999999999,True,False,False,True,False,False,2020_Q3,36e2f14c747d7d58,0.0,0.0,1.0,0.0,neutral
i03ji5,“Safe” to live rural areas around Winnipeg?,"Safe is in quotations because it’s so subjective, but what is the crime like in towns surrounding Winnipeg? Ie Steinbach, Sanford, Warren, Stonewall, Beausejour etc. 

I was looking at property in Selkirk and it seemed like a nice area but I’ve recently found out the crime and substance abuse problems there are high, which is making me think otherwise now.

EDIT: thanks for all the comments! For those asking, I don’t have children (yet). I’m just looking for a bit of that peace and quiet. The replies on Selkirk have helped change my mind, I don’t think I’ll cross it off my list.",1596039808.0,24,71,None,0.81,/r/Manitoba/comments/i03ji5/safe_to_live_rural_areas_around_winnipeg/,https://www.reddit.com/r/Manitoba/comments/i03ji5/safe_to_live_rural_areas_around_winnipeg/,True,False,False,False,False,manitoba,"“Safe” to live rural areas around Winnipeg? Safe is in quotations because it’s so subjective, but what is the crime like in towns surrounding Winnipeg? Ie Steinbach, Sanford, Warren, Stonewall, Beausejour etc. 

I was looking at property in Selkirk and it seemed like a nice area but I’ve recently found out the crime and substance abuse problems there are high, which is making me think otherwise now.

EDIT: thanks for all the comments! For those asking, I don’t have children (yet). I’m just looking for a bit of that peace and quiet. The replies on Selkirk have helped change my mind, I don’t think I’ll cross it off my list.",2020-07-29 16:23:28+00:00,2020,7,29,2,Wednesday,31,16,summer,2020-2021_pandemic_era,safe to live rural areas around winnipeg? safe is in quotations because it s so subjective but what is the crime like in towns surrounding winnipeg? ie steinbach sanford warren stonewall beausejour etc. i was looking at property in selkirk and it seemed like a nice area but i ve recently found out the crime and substance abuse problems there are high which is making me think otherwise now. edit thanks for all the comments! for those asking i don t have children yet . i m just looking for a bit of that peace and quiet. the replies on selkirk have helped change my mind i don t think i ll cross it off my list.,614,117,True,False,False,1,0,0,False,2.84,0.18999999999999995,True,False,False,True,False,False,2020_Q3,0d7cd6336482dca3,0.3616,0.158,0.715,0.127,positive
hvybzs,Instagram hotspot becomes headache for homeowner: cites trespassing and safety concerns,,1595439884.0,63,20,None,0.99,/r/Manitoba/comments/hvybzs/instagram_hotspot_becomes_headache_for_homeowner/,https://www.cbc.ca/news/indigenous/metis-man-property-trespassing-pine-dock-caves-1.5658161?fbclid=IwAR1EuRrXsjwFQum40yUg5EqezdDD7uKKXrN5X4zQDIH5quZ4X5hr9Odk_Cw,False,False,False,False,False,manitoba,Instagram hotspot becomes headache for homeowner: cites trespassing and safety concerns ,2020-07-22 17:44:44+00:00,2020,7,22,2,Wednesday,30,17,summer,2020-2021_pandemic_era,instagram hotspot becomes headache for homeowner cites trespassing and safety concerns,86,11,True,True,False,1,1,0,False,0.3125,0.010000000000000009,True,False,False,True,False,False,2020_Q3,2235cddb371a290b,0.4215,0.219,0.781,0.0,positive
hvw0cy,Fermor Ave @ Lagimodiere Construction zone,Can anyone tell me how long this construction has been going on for?  I don't live in the city and traveled along this path.  I got a photo radar ticket at 5pm with no workers or vehicles present.  Does this happen all the time?,1595432444.0,10,24,None,0.86,/r/Manitoba/comments/hvw0cy/fermor_ave_lagimodiere_construction_zone/,https://www.reddit.com/r/Manitoba/comments/hvw0cy/fermor_ave_lagimodiere_construction_zone/,True,False,False,False,False,manitoba,Fermor Ave @ Lagimodiere Construction zone Can anyone tell me how long this construction has been going on for?  I don't live in the city and traveled along this path.  I got a photo radar ticket at 5pm with no workers or vehicles present.  Does this happen all the time?,2020-07-22 15:40:44+00:00,2020,7,22,2,Wednesday,30,15,summer,2020-2021_pandemic_era,fermor ave lagimodiere construction zone can anyone tell me how long this construction has been going on for? i don t live in the city and traveled along this path. i got a photo radar ticket at pm with no workers or vehicles present. does this happen all the time?,265,50,False,True,False,0,1,0,False,2.1818181818181817,0.14,True,False,False,True,False,False,2020_Q3,f74f7518ce1cef47,-0.3736,0.0,0.95,0.05,negative
hqwe9e,Is another lockdown coming?,"With the increase in cases from this weekend , do you think another one is incoming or is this just an uptick we will have to deal with as the province reopens",1594708045.0,5,40,Covid-19 Coronavirus,0.63,/r/alberta/comments/hqwe9e/is_another_lockdown_coming/,https://www.reddit.com/r/alberta/comments/hqwe9e/is_another_lockdown_coming/,True,False,False,False,False,alberta,"Is another lockdown coming? With the increase in cases from this weekend , do you think another one is incoming or is this just an uptick we will have to deal with as the province reopens",2020-07-14 06:27:25+00:00,2020,7,14,1,Tuesday,29,6,summer,2020-2021_pandemic_era,is another lockdown coming? with the increase in cases from this weekend do you think another one is incoming or is this just an uptick we will have to deal with as the province reopens,185,35,False,False,True,0,0,1,False,6.666666666666667,0.37,True,False,False,True,False,False,2020_Q3,271703fbc9edcffd,0.3182,0.063,0.937,0.0,positive
hmynx3,Alberta's Rural Crime Motion Will Empower Extremist Militias,,1594142009.0,11,17,UCP,0.64,/r/alberta/comments/hmynx3/albertas_rural_crime_motion_will_empower/,https://readpassage.com/albertas-rural-crime-motion-will-empower-extremist-militias/,False,False,False,False,False,alberta,Alberta's Rural Crime Motion Will Empower Extremist Militias ,2020-07-07 17:13:29+00:00,2020,7,7,1,Tuesday,28,17,summer,2020-2021_pandemic_era,alberta s rural crime motion will empower extremist militias,60,9,True,False,False,1,0,0,False,1.4166666666666667,0.36,True,False,False,True,False,False,2020_Q3,901b89a7b590b298,-0.5423,0.0,0.696,0.304,negative
hki79b,Witness shocked at force used by Calgary police dealing with sleeping man,,1593779331.0,261,188,None,0.9,/r/alberta/comments/hki79b/witness_shocked_at_force_used_by_calgary_police/,https://www.cbc.ca/news/canada/calgary/witness-shocked-force-used-calgary-police-1.5629065?fbclid=IwAR3QIyNaXDvQ-LlMoHpfJaZdN7sc6cHWf96hnWvtMY21z7IQFG37kk0xW0w,False,False,False,False,False,alberta,Witness shocked at force used by Calgary police dealing with sleeping man ,2020-07-03 12:28:51+00:00,2020,7,3,4,Friday,27,12,summer,2020-2021_pandemic_era,witness shocked at force used by calgary police dealing with sleeping man,73,12,True,False,False,1,0,0,False,0.7175572519083969,0.09999999999999998,True,False,False,True,False,False,2020_Q3,99725cb4f1cc25ae,-0.3182,0.0,0.827,0.173,negative
hy16ss,Stop Letting Dealership Take Advantage of You!,"After a terrible experience at a local Go Auto yesterday, one that echoes many complaints that I have seen here regarding excessive fees and overall scummy practices, I’ve chosen to reflect on what I could have done as a consumer.

Yes, the most logical thing would have been “Well, don’t go to Go Auto.”

My second logical thing would have been to make use of Alberta’s one-party consent law.  Are you aware that as long as one person consents in a conversation, you can record it without letting the other person know?  This means that at any dealership, Go Auto or otherwise, you can record your conversation with the sales associate without them knowing, as long as you, yourself, are consenting to the recording and are engaging in the conversation.

AMVIC regulations state that a dealer has to obey by “All-In pricing.”  What this means, according to the AMVIC website, is that:

“The price advertised plus GST is the law.
All-in pricing is the law in Alberta. That means when an AMVIC-licensed seller advertises the price of a vehicle it must include ALL fees and charges the seller intends to charge.  The only fee that can be added to the advertised price is GST and any costs associated with financing.

Examples of fees or charges that may be included in the advertised price but cannot be added on to it:
- Freight
- PDI-PDE (pre-delivery inspection/expense)
- Administration (Admin) fee(s)
- Levy recoveries (AMVIC levy, air conditioning levy, etc.)
- Pre-installed products and services (nitrogen/tire protection package, security or theft deterrent products/services such as etching, etc., fuel)”

[All-In Pricing](https://www.amvic.org/consumer/your-rights/all-inpricingisthelaw/)

I know I’m not the only one who suddenly had a bunch of “Extra-fees,” (Etching, anti-theft, et cetera) tacked onto their vehicle purchase, so please know your rights regarding AMVIC regulations, and your right to record the conversations you have with people at the dealership!

As a consumer, you also have the right to request a copy of anything you are asked to sign.  If they don’t let you have a copy, take a picture with your phone.

Bring in a copy of the advertisement you saw on cargurus, autotrader, goauto, et cetera, that clearly shows the price alongside the VIN for the vehicle you’re looking at.

Please start filing complaints through AMVIC’s [Consumer Portal](https://portal.amvic.org/Pages/en_US/Forms/Public/Home/Default.aspx) when sales tactics become aggressive or when the dealership is trying to manipulate you.  File a complaint when they suddenly add $1000 in additional items on top of the advertised price for a vehicle, claiming that “All vehicle purchases come with hidden fees.”  They don’t, and you shouldn’t accept that.

Stop letting them take advantage of you.

Edited to Add:

If AMVIC doesn't do anything, go above AMVIC.  You are protected from fraud, aggressive sales tactics, misrepresentations of fees, and a whole bunch of other stuff under the [Consumer Protection Act.](https://www.alberta.ca/unfair-business-practices.aspx)  Check out Service Alberta's [complaint page.](https://www.alberta.ca/file-consumer-complaint.aspx)

1. File a complaint with the business.

2. File a complaint through BBB.

3. File a complaint with AMVIC.

4. File a complaint with the Consumer Investigations Unit. (Depending on the situation. The misrepresentation of fees such as etching as mandatory would fall under this, as would the dealer refusing to honour the advertised price.)

It’s going to be harder for a business to prove they’re right if you have them on tape saying something else with pictures alongside the recording. Get proof and use it if you need to.

You are also protected from false and misleading advertising by the [Competition Bureau.](https://www.competitionbureau.gc.ca/eic/site/cb-bc.nsf/eng/02776.html) Take a screenshot of the advertisement showing their ""Listed price + GST is all you pay!"" thing and file a complaint with them as well if they don't honour the price they have listed.",1595740224.0,216,81,Discussion,0.97,/r/alberta/comments/hy16ss/stop_letting_dealership_take_advantage_of_you/,https://www.reddit.com/r/alberta/comments/hy16ss/stop_letting_dealership_take_advantage_of_you/,True,False,False,False,False,alberta,"Stop Letting Dealership Take Advantage of You! After a terrible experience at a local Go Auto yesterday, one that echoes many complaints that I have seen here regarding excessive fees and overall scummy practices, I’ve chosen to reflect on what I could have done as a consumer.

Yes, the most logical thing would have been “Well, don’t go to Go Auto.”

My second logical thing would have been to make use of Alberta’s one-party consent law.  Are you aware that as long as one person consents in a conversation, you can record it without letting the other person know?  This means that at any dealership, Go Auto or otherwise, you can record your conversation with the sales associate without them knowing, as long as you, yourself, are consenting to the recording and are engaging in the conversation.

AMVIC regulations state that a dealer has to obey by “All-In pricing.”  What this means, according to the AMVIC website, is that:

“The price advertised plus GST is the law.
All-in pricing is the law in Alberta. That means when an AMVIC-licensed seller advertises the price of a vehicle it must include ALL fees and charges the seller intends to charge.  The only fee that can be added to the advertised price is GST and any costs associated with financing.

Examples of fees or charges that may be included in the advertised price but cannot be added on to it:
- Freight
- PDI-PDE (pre-delivery inspection/expense)
- Administration (Admin) fee(s)
- Levy recoveries (AMVIC levy, air conditioning levy, etc.)
- Pre-installed products and services (nitrogen/tire protection package, security or theft deterrent products/services such as etching, etc., fuel)”

[All-In Pricing](https://www.amvic.org/consumer/your-rights/all-inpricingisthelaw/)

I know I’m not the only one who suddenly had a bunch of “Extra-fees,” (Etching, anti-theft, et cetera) tacked onto their vehicle purchase, so please know your rights regarding AMVIC regulations, and your right to record the conversations you have with people at the dealership!

As a consumer, you also have the right to request a copy of anything you are asked to sign.  If they don’t let you have a copy, take a picture with your phone.

Bring in a copy of the advertisement you saw on cargurus, autotrader, goauto, et cetera, that clearly shows the price alongside the VIN for the vehicle you’re looking at.

Please start filing complaints through AMVIC’s [Consumer Portal](https://portal.amvic.org/Pages/en_US/Forms/Public/Home/Default.aspx) when sales tactics become aggressive or when the dealership is trying to manipulate you.  File a complaint when they suddenly add $1000 in additional items on top of the advertised price for a vehicle, claiming that “All vehicle purchases come with hidden fees.”  They don’t, and you shouldn’t accept that.

Stop letting them take advantage of you.

Edited to Add:

If AMVIC doesn't do anything, go above AMVIC.  You are protected from fraud, aggressive sales tactics, misrepresentations of fees, and a whole bunch of other stuff under the [Consumer Protection Act.](https://www.alberta.ca/unfair-business-practices.aspx)  Check out Service Alberta's [complaint page.](https://www.alberta.ca/file-consumer-complaint.aspx)

1. File a complaint with the business.

2. File a complaint through BBB.

3. File a complaint with AMVIC.

4. File a complaint with the Consumer Investigations Unit. (Depending on the situation. The misrepresentation of fees such as etching as mandatory would fall under this, as would the dealer refusing to honour the advertised price.)

It’s going to be harder for a business to prove they’re right if you have them on tape saying something else with pictures alongside the recording. Get proof and use it if you need to.

You are also protected from false and misleading advertising by the [Competition Bureau.](https://www.competitionbureau.gc.ca/eic/site/cb-bc.nsf/eng/02776.html) Take a screenshot of the advertisement showing their ""Listed price + GST is all you pay!"" thing and file a complaint with them as well if they don't honour the price they have listed.",2020-07-26 05:10:24+00:00,2020,7,26,6,Sunday,30,5,summer,2020-2021_pandemic_era,stop letting dealership take advantage of you! after a terrible experience at a local go auto yesterday one that echoes many complaints that i have seen here regarding excessive fees and overall scummy practices i ve chosen to reflect on what i could have done as a consumer. yes the most logical thing would have been well don t go to go auto. my second logical thing would have been to make use of alberta s one party consent law. are you aware that as long as one person consents in a conversation you can record it without letting the other person know? this means that at any dealership go auto or otherwise you can record your conversation with the sales associate without them knowing as long as you yourself are consenting to the recording and are engaging in the conversation. amvic regulations state that a dealer has to obey by all in pricing. what this means according to the amvic website is that the price advertised plus gst is the law. all in pricing is the law in alberta. that means when an amvic licensed seller advertises the price of a vehicle it must include all fees and charges the seller intends to charge. the only fee that can be added to the advertised price is gst and any costs associated with financing. examples of fees or charges that may be included in the advertised price but cannot be added on to it freight pdi pde pre delivery inspection expense administration admin fee s levy recoveries amvic levy air conditioning levy etc. pre installed products and services nitrogen tire protection package security or theft deterrent products services such as etching etc. fuel all in pricing i know i m not the only one who suddenly had a bunch of extra fees etching anti theft et cetera tacked onto their vehicle purchase so please know your rights regarding amvic regulations and your right to record the conversations you have with people at the dealership! as a consumer you also have the right to request a copy of anything you are asked to sign. if they don t let you have a copy take a picture with your phone. bring in a copy of the advertisement you saw on cargurus autotrader goauto et cetera that clearly shows the price alongside the vin for the vehicle you re looking at. please start filing complaints through amvic s consumer portal when sales tactics become aggressive or when the dealership is trying to manipulate you. file a complaint when they suddenly add in additional items on top of the advertised price for a vehicle claiming that all vehicle purchases come with hidden fees. they don t and you shouldn t accept that. stop letting them take advantage of you. edited to add if amvic doesn t do anything go above amvic. you are protected from fraud aggressive sales tactics misrepresentations of fees and a whole bunch of other stuff under the consumer protection act. check out service alberta s complaint page. . file a complaint with the business. . file a complaint through bbb. . file a complaint with amvic. . file a complaint with the consumer investigations unit. depending on the situation. the misrepresentation of fees such as etching as mandatory would fall under this as would the dealer refusing to honour the advertised price. it s going to be harder for a business to prove they re right if you have them on tape saying something else with pictures alongside the recording. get proof and use it if you need to. you are also protected from false and misleading advertising by the competition bureau. take a screenshot of the advertisement showing their listed price gst is all you pay! thing and file a complaint with them as well if they don t honour the price they have listed.,3647,646,True,True,False,3,2,0,False,0.37327188940092165,0.030000000000000027,True,False,False,True,False,False,2020_Q3,510d8ffa9057890d,-0.5407,0.077,0.841,0.083,negative
hyxbdb,Severe fire weather forecasts this week across southern Alberta,"Calgary area is potentially in *crossover* today (high temp in degrees C is greater than lowest humidity reading). Crossover indicates potential for rapid fire growth and spread among grasses and trees. Forecast today for the Bow region (Calgary, Canmore, Kananaskis) is 27-29°C and rH 25%.

Crowsnest and Waterton areas are in **RED FLAG** conditions today (Red Flag = humidity significantly below high temp). Forecasts for Crow and Waterton today are for 30°C and rH near 20%.

Several municipalities have instituted fire restrictions (on burning) and I'm hearing some fire departments going out on large fires south of Calgary already.

Stay safe...",1595872842.0,22,4,General,0.94,/r/alberta/comments/hyxbdb/severe_fire_weather_forecasts_this_week_across/,https://www.reddit.com/r/alberta/comments/hyxbdb/severe_fire_weather_forecasts_this_week_across/,True,False,False,False,False,alberta,"Severe fire weather forecasts this week across southern Alberta Calgary area is potentially in *crossover* today (high temp in degrees C is greater than lowest humidity reading). Crossover indicates potential for rapid fire growth and spread among grasses and trees. Forecast today for the Bow region (Calgary, Canmore, Kananaskis) is 27-29°C and rH 25%.

Crowsnest and Waterton areas are in **RED FLAG** conditions today (Red Flag = humidity significantly below high temp). Forecasts for Crow and Waterton today are for 30°C and rH near 20%.

Several municipalities have instituted fire restrictions (on burning) and I'm hearing some fire departments going out on large fires south of Calgary already.

Stay safe...",2020-07-27 18:00:42+00:00,2020,7,27,0,Monday,31,18,summer,2020-2021_pandemic_era,severe fire weather forecasts this week across southern alberta calgary area is potentially in crossover today high temp in degrees c is greater than lowest humidity reading . crossover indicates potential for rapid fire growth and spread among grasses and trees. forecast today for the bow region calgary canmore kananaskis is c and rh . crowsnest and waterton areas are in red flag conditions today red flag humidity significantly below high temp . forecasts for crow and waterton today are for c and rh near . several municipalities have instituted fire restrictions on burning and i m hearing some fire departments going out on large fires south of calgary already. stay safe...,682,112,False,True,True,0,2,1,False,0.17391304347826086,0.06000000000000005,True,False,False,True,False,False,2020_Q3,8ea4a82fef809424,-0.7003,0.064,0.819,0.118,negative
hm1zd6,Almost midnight. Love this time of year (Cold Lake),,1594014640.0,215,5,None,0.97,/r/alberta/comments/hm1zd6/almost_midnight_love_this_time_of_year_cold_lake/,https://i.redd.it/6pn23laee6951.jpg,False,False,False,False,False,alberta,Almost midnight. Love this time of year (Cold Lake) ,2020-07-06 05:50:40+00:00,2020,7,6,0,Monday,28,5,summer,2020-2021_pandemic_era,almost midnight. love this time of year cold lake,49,9,False,True,False,0,1,0,False,0.023148148148148147,0.030000000000000027,True,False,False,True,False,False,2020_Q3,6456bcf3cd5134c8,0.6022,0.329,0.671,0.0,positive
hr84bk,"It's funny because it's true, we can get a lot of snow",,1594754918.0,85,1,General,0.95,/r/alberta/comments/hr84bk/its_funny_because_its_true_we_can_get_a_lot_of/,https://v.redd.it/hvj08bgydua51,False,False,False,False,False,alberta,"It's funny because it's true, we can get a lot of snow ",2020-07-14 19:28:38+00:00,2020,7,14,1,Tuesday,29,19,summer,2020-2021_pandemic_era,it s funny because it s true we can get a lot of snow,53,14,False,True,False,0,1,0,False,0.011627906976744186,0.050000000000000044,True,False,False,True,False,False,2020_Q3,3e76753762d1f730,0.6908,0.322,0.678,0.0,positive
hwkupo,The lack of COVID safety in this province is appalling.,"I'm sitting at a gas station in Calgary and I'm watching people. One person (of about 20) has worn a mask going into the tiny store to buy gas. Two people wore gloves to pump gas. None of the pumps were cleaned between users. Like come on guys! We want our schools to reopen in September and we want life to get back to normal but it literally can't if y'all are acting so careless!

Edit: I appreciate all the responses! Honestly, this post was made in anger and frustration because I've talked to too many people who don't give any fucks about other people's safety and as a teacher preparing to go into classrooms in September, I just want people to be as safe as the can be. You're right that gloves are not expected and shouldn't be. I meant to add that I didn't see anyone sanitizing as they all just drove away but that wouldn't necessarily have been fair either. I was being a bit judgy out of frustration. Thanks for your responses correcting my frustrations. Be safe everyone.",1595528222.0,42,40,None,0.68,/r/alberta/comments/hwkupo/the_lack_of_covid_safety_in_this_province_is/,https://www.reddit.com/r/alberta/comments/hwkupo/the_lack_of_covid_safety_in_this_province_is/,True,False,False,False,False,alberta,"The lack of COVID safety in this province is appalling. I'm sitting at a gas station in Calgary and I'm watching people. One person (of about 20) has worn a mask going into the tiny store to buy gas. Two people wore gloves to pump gas. None of the pumps were cleaned between users. Like come on guys! We want our schools to reopen in September and we want life to get back to normal but it literally can't if y'all are acting so careless!

Edit: I appreciate all the responses! Honestly, this post was made in anger and frustration because I've talked to too many people who don't give any fucks about other people's safety and as a teacher preparing to go into classrooms in September, I just want people to be as safe as the can be. You're right that gloves are not expected and shouldn't be. I meant to add that I didn't see anyone sanitizing as they all just drove away but that wouldn't necessarily have been fair either. I was being a bit judgy out of frustration. Thanks for your responses correcting my frustrations. Be safe everyone.",2020-07-23 18:17:02+00:00,2020,7,23,3,Thursday,30,18,summer,2020-2021_pandemic_era,the lack of covid safety in this province is appalling. i m sitting at a gas station in calgary and i m watching people. one person of about has worn a mask going into the tiny store to buy gas. two people wore gloves to pump gas. none of the pumps were cleaned between users. like come on guys! we want our schools to reopen in september and we want life to get back to normal but it literally can t if y all are acting so careless! edit i appreciate all the responses! honestly this post was made in anger and frustration because i ve talked to too many people who don t give any fucks about other people s safety and as a teacher preparing to go into classrooms in september i just want people to be as safe as the can be. you re right that gloves are not expected and shouldn t be. i meant to add that i didn t see anyone sanitizing as they all just drove away but that wouldn t necessarily have been fair either. i was being a bit judgy out of frustration. thanks for your responses correcting my frustrations. be safe everyone.,1033,202,True,False,True,1,0,2,False,0.9302325581395349,0.31999999999999995,True,False,False,True,False,False,2020_Q3,ec6426934f3fb4a1,-0.3793,0.138,0.736,0.126,negative
hp54ul,Survey: Gov of Alberta is asking for feedback on the Occupational Health and Safety (OHS) Act review,,1594447755.0,11,7,UCP,0.84,/r/alberta/comments/hp54ul/survey_gov_of_alberta_is_asking_for_feedback_on/,https://www.alberta.ca/occupational-health-and-safety-act-review.aspx,False,False,False,False,False,alberta,Survey: Gov of Alberta is asking for feedback on the Occupational Health and Safety (OHS) Act review ,2020-07-11 06:09:15+00:00,2020,7,11,5,Saturday,28,6,summer,2020-2021_pandemic_era,survey gov of alberta is asking for feedback on the occupational health and safety ohs act review,97,17,True,False,False,1,0,0,False,0.5833333333333334,0.16000000000000003,True,False,False,True,False,False,2020_Q3,46f1e75088d12d77,0.4215,0.149,0.851,0.0,positive
